{
  "train_loss": [
    0.35225950133138234,
    0.17138905009816563,
    0.138970201011688,
    0.0930750285994912,
    0.09957249281780114,
    0.09762355715509445,
    0.08472065190828981,
    0.08400540355474703,
    0.06594403912724248,
    0.06952598814821491,
    0.05719090984395099,
    0.05540014637504068,
    0.06170989701734294,
    0.06576222575277031,
    0.05513706207056604,
    0.04928289616085766,
    0.04677607715342726,
    0.062262718104727804,
    0.05765458908589882,
    0.027106528631618453,
    0.052677239679191856,
    0.05273358409572393,
    0.05225641184042223,
    0.04598992856193541,
    0.03281172260797272
  ],
  "train_acc": [
    0.8893968253968254,
    0.9464761904761905,
    0.9547936507936507,
    0.9689523809523809,
    0.9682539682539683,
    0.9685079365079365,
    0.9727619047619047,
    0.9728253968253968,
    0.9776507936507937,
    0.9772063492063492,
    0.9805079365079366,
    0.9813333333333333,
    0.9796825396825397,
    0.9794920634920635,
    0.9834285714285714,
    0.9846984126984127,
    0.9856507936507937,
    0.9803174603174604,
    0.9818412698412698,
    0.9916825396825397,
    0.9834920634920635,
    0.9849523809523809,
    0.9847619047619047,
    0.9850793650793651,
    0.9893333333333333
  ],
  "val_loss": [
    0.07622472466339995,
    0.15941975771331365,
    0.046480710400645706,
    0.027582040653742094,
    0.01977566150957069,
    0.11704989728967902,
    0.04199779125667259,
    0.06118013873099104,
    0.02116254959773894,
    0.02090409868338099,
    0.007578980813216226,
    0.009991064608279709,
    0.028593221053781766,
    0.007661003948060996,
    0.03251076418638114,
    0.009770356345120577,
    0.014561379748900725,
    0.016036528659599925,
    0.004986815859586386,
    0.0060778284872765155,
    0.015544536607200295,
    0.0053904821972465804,
    0.004866579824818444,
    0.05116297546255247,
    0.004936322817905547
  ],
  "val_acc": [
    0.9682962962962963,
    0.9531851851851851,
    0.9854814814814815,
    0.9908148148148148,
    0.9931851851851852,
    0.9632592592592593,
    0.9866666666666667,
    0.9798518518518519,
    0.9914074074074074,
    0.9946666666666667,
    0.9979259259259259,
    0.9982222222222222,
    0.9922962962962963,
    0.9988148148148148,
    0.9911111111111112,
    0.9985185185185185,
    0.9940740740740741,
    0.9943703703703703,
    0.9985185185185185,
    0.9976296296296296,
    0.9955555555555555,
    0.9982222222222222,
    0.9985185185185185,
    0.9845925925925926,
    0.9985185185185185
  ]
}