{
  "train_loss": [
    0.6711282437589989,
    0.39832028821445836,
    0.33227778546277553,
    0.262254170940138,
    0.24253215051811378,
    0.2126422328599866,
    0.20242281377404883,
    0.19508343167688655,
    0.16697485360397452,
    0.14257610932901046,
    0.14982638270591853,
    0.15126004020112385,
    0.13714026505875027,
    0.10724562811053198,
    0.11102164156701433,
    0.10515622014979432,
    0.12762200629440085,
    0.1059616748910064,
    0.09253610517049599,
    0.09598657589429978,
    0.1053083647733209,
    0.11676198662107885,
    0.08595879148973011,
    0.08895975315067424,
    0.06963520305904224
  ],
  "train_acc": [
    0.7884057971014493,
    0.8723638180909545,
    0.8935532233883059,
    0.9118440779610195,
    0.9190404797601199,
    0.9320339830084957,
    0.9355322338830585,
    0.9381309345327337,
    0.9457271364317841,
    0.953023488255872,
    0.9525237381309345,
    0.9504247876061969,
    0.9559220389805098,
    0.9673163418290854,
    0.9640179910044977,
    0.9656171914042978,
    0.9579210394802599,
    0.9665167416291854,
    0.968415792103948,
    0.9683158420789605,
    0.9657171414292853,
    0.9617191404297851,
    0.9723138430784608,
    0.9727136431784108,
    0.9750124937531235
  ],
  "val_loss": [
    0.45935537229607304,
    0.307390095148131,
    0.3104677296010495,
    0.29429113380781824,
    0.19257210226821025,
    0.2787384235279199,
    0.36184607603961055,
    0.176971451377464,
    0.18995491027725572,
    0.1572547304807095,
    0.17516464753590677,
    0.1258915334803876,
    0.09579232116434466,
    0.1762117582967143,
    0.10653303864584311,
    0.0959235355186018,
    0.1441237804320754,
    0.10585065361831024,
    0.10768644492249141,
    0.13254934815025063,
    0.12066795554142191,
    0.08064345137376475,
    0.12287465744837608,
    0.10536390215668175,
    0.1394560843607432
  ],
  "val_acc": [
    0.8588758592802265,
    0.9009300444803882,
    0.9001213101496158,
    0.9082086534573393,
    0.933683784876668,
    0.9150828952689042,
    0.8932470683380509,
    0.9425798625151638,
    0.9417711281843915,
    0.9498584714921149,
    0.947836635665184,
    0.9623938536190861,
    0.9672462596037201,
    0.9433885968459361,
    0.964415689446017,
    0.9696724625960372,
    0.9530934088152042,
    0.9684593610998787,
    0.966841892438334,
    0.9607763849575415,
    0.9664375252729478,
    0.9745248685806712,
    0.9660331581075616,
    0.9672462596037201,
    0.9599676506267691
  ]
}