{
  "camera_matrix": [
    [
      657.154416539939,
      0.0,
      482.66896030538066
    ],
    [
      0.0,
      664.2379240609116,
      213.47298599781223
    ],
    [
      0.0,
      0.0,
      1.0
    ]
  ],
  "distortion_coefficients": [
    [
      -0.4523396208850756,
      -0.0049281188761248,
      0.003955998278078904,
      -0.05678037089531683,
      0.11416682400905645
    ]
  ],
  "rvecs": [
    [
      [
        0.13962813529408094
      ],
      [
        -0.12195802692945727
      ],
      [
        -3.090278877237395
      ]
    ],
    [
      [
        -0.12826248743007743
      ],
      [
        0.06705667356859718
      ],
      [
        2.997265057740545
      ]
    ],
    [
      [
        -0.8071538051664058
      ],
      [
        0.2657435603399994
      ],
      [
        2.7609912318074077
      ]
    ],
    [
      [
        0.3109815471748842
      ],
      [
        -0.058745350501128786
      ],
      [
        3.0638925134318447
      ]
    ],
    [
      [
        -0.2297418076477448
      ],
      [
        0.8761976258276698
      ],
      [
        -2.8975856462584746
      ]
    ],
    [
      [
        -0.1417592762893553
      ],
      [
        0.08547395380823837
      ],
      [
        2.943571063400504
      ]
    ],
    [
      [
        -0.388702999172066
      ],
      [
        0.17045339864052916
      ],
      [
        2.7917385738491785
      ]
    ],
    [
      [
        0.1821239211760547
      ],
      [
        1.546763122825129
      ],
      [
        -2.586255010340993
      ]
    ],
    [
      [
        -0.8260496469157635
      ],
      [
        -1.032109847563859
      ],
      [
        2.540708233822858
      ]
    ],
    [
      [
        -0.3743231635252247
      ],
      [
        1.6992734122415991
      ],
      [
        -2.4943087007285136
      ]
    ],
    [
      [
        0.6482173194443711
      ],
      [
        0.9532382407765978
      ],
      [
        2.788455794121746
      ]
    ],
    [
      [
        -0.4064554939868898
      ],
      [
        0.7685999193654584
      ],
      [
        2.8950380066702253
      ]
    ],
    [
      [
        0.6170019533527595
      ],
      [
        -0.2818050704424396
      ],
      [
        -3.0607762055845815
      ]
    ],
    [
      [
        -1.4218503435662626
      ],
      [
        0.4991499694777847
      ],
      [
        2.655574695824413
      ]
    ],
    [
      [
        1.1893379677309808
      ],
      [
        0.1449935435759424
      ],
      [
        -2.869663259991122
      ]
    ],
    [
      [
        -0.3213496102772939
      ],
      [
        -0.06940642116812167
      ],
      [
        3.086301958982803
      ]
    ],
    [
      [
        0.20530056677087544
      ],
      [
        0.32673884303505873
      ],
      [
        -3.0992651970172536
      ]
    ],
    [
      [
        -0.4169605778443129
      ],
      [
        -0.9231960272346679
      ],
      [
        2.9963611979750957
      ]
    ],
    [
      [
        -0.619883478865708
      ],
      [
        -0.29994610252664244
      ],
      [
        2.048315720421557
      ]
    ],
    [
      [
        -1.7233296464508658
      ],
      [
        -0.5221668540714102
      ],
      [
        2.0485546488872752
      ]
    ]
  ],
  "tvecs": [
    [
      [
        -149.94943822578603
      ],
      [
        -40.58115245400828
      ],
      [
        648.9742721114405
      ]
    ],
    [
      [
        -242.70356906524265
      ],
      [
        -75.15405983633984
      ],
      [
        754.881424172767
      ]
    ],
    [
      [
        -220.427390774804
      ],
      [
        -126.01628950364021
      ],
      [
        752.0577379074912
      ]
    ],
    [
      [
        99.7214147012258
      ],
      [
        -20.2579216564248
      ],
      [
        540.5149464229028
      ]
    ],
    [
      [
        83.55411759230518
      ],
      [
        -35.3102267894433
      ],
      [
        612.1015547822539
      ]
    ],
    [
      [
        19.099682211181175
      ],
      [
        -29.20671255861692
      ],
      [
        577.7357250609639
      ]
    ],
    [
      [
        12.336480897933509
      ],
      [
        -18.26435964184555
      ],
      [
        542.171076200523
      ]
    ],
    [
      [
        -16.919861688014766
      ],
      [
        -64.1129907690738
      ],
      [
        568.9144602667353
      ]
    ],
    [
      [
        -206.57119070967374
      ],
      [
        -85.8487594999534
      ],
      [
        660.0577909661861
      ]
    ],
    [
      [
        47.32403515054334
      ],
      [
        -57.938180140498645
      ],
      [
        569.8094415764715
      ]
    ],
    [
      [
        89.16181977081747
      ],
      [
        -13.044899352123652
      ],
      [
        423.3684352611811
      ]
    ],
    [
      [
        -68.4467573569337
      ],
      [
        40.92603420296433
      ],
      [
        540.2902444990141
      ]
    ],
    [
      [
        -259.81689939793654
      ],
      [
        -35.99365818504564
      ],
      [
        927.001826974876
      ]
    ],
    [
      [
        -379.3636312270532
      ],
      [
        -49.73870135053235
      ],
      [
        815.7334332758942
      ]
    ],
    [
      [
        -387.5615706828379
      ],
      [
        -140.74807409049316
      ],
      [
        804.7494598120458
      ]
    ],
    [
      [
        -9.778812470777249
      ],
      [
        25.437159052787795
      ],
      [
        377.3522407584282
      ]
    ],
    [
      [
        -29.08586410281443
      ],
      [
        39.77150544130176
      ],
      [
        352.6481961843178
      ]
    ],
    [
      [
        78.32837991275986
      ],
      [
        -79.79309814708063
      ],
      [
        681.475255808879
      ]
    ],
    [
      [
        -151.90210668377034
      ],
      [
        -101.68005540426861
      ],
      [
        602.1076092330692
      ]
    ],
    [
      [
        -241.49874097875818
      ],
      [
        -144.18007158811733
      ],
      [
        819.3541250756275
      ]
    ]
  ],
  "reprojection_error": 0.2829721421172321,
  "checkerboard_size": [
    9,
    6
  ],
  "square_size": 24.0,
  "resolution": "640x480",
  "camera_type": "Raspberry Pi CSI",
  "timestamp": "20251203_124346"
}